# CU Boulder AED Inventory State File,,,,,,,,,,
# Generated:,2025-06-06T07:18:15.895Z,,,,,,,,,
,,,,,,,,,,
# GLOBAL_SETTINGS,,,,,,,,,,
MAX_CLUSTER_TIME,240,,,,,,,,,
AVAILABLE_WORKERS,10,,,,,,,,,
TIME_PER_AED,5,,,,,,,,,
AED_LOCATION_BUFFER,8,,,,,,,,,
TIME_PER_50K_GSF,1,,,,,,,,,
WALKING_SPEED_MPH,3.1,,,,,,,,,
DRIVING_SPEED_MPH,25,,,,,,,,,
WALKING_THRESHOLD,20,,,,,,,,,
PARKING_TIME,3,,,,,,,,,
,,,,,,,,,,
# BUILDING_DATA,,,,,,,,,,
code,name,gsf,aedCount,lat,lon,aedLocationBuffer,address,,,
1135BRD,1135 BROADWAY (1135BRD),18408,3,40.00947,-105.28172,,1135 BROADWAY BOULDER CO 80302,,,
122126TH,1221 26TH STREET,2754,3,40.008809,-105.261651,8,1221 26TH STREET BOULDER CO 80309,,,
1301WA,1301 WALNUT ST (1301WA),4226,3,40.01755,-105.27855,,1301 WALNUT ST BOULDER CO 80302,,,
1506BRD,1506 BROADWAY (1506BRD),10977,3,40.0101,-105.27552,,1506 BROADWAY BOULDER CO 80302,,,
1522BRD,1522 BROADWAY (1522BRD),3491,3,40.01,-105.27533,,1522 BROADWAY BOULDER CO 80302,,,
2360ARP,ROB'S AUTO REPAIR (2360ARP),0,3,40.01443148530946,-105.2633679,8,2360 ARAPAHOE AVENUE BOULDER CO 80302,,,
2390PRL,2930 PEARL STREET (2390PRL),0,1,40.021861,-105.254945,8,2930 PEARL ST BOULDER CO 80301,,,
2705CLR,2705 COLORADO,1603,3,40.0081,-105.25877,,2705 COLORADO AVE BOULDER CO 80309,,,
3100ARP,PARK PLACE (3100ARP),15022,1,40.013965,-105.252438,8,3100 ARAPAHOE AVENUE BOULDER CO 80302,,,
5425AIR,5425 AIRPORT ROAD (5425AIR),6962,3,40.035242,-105.227947,8,5425 AIRPORT ROAD BOULDER CO 80301,,,
5555CNT,5555 CENTRAL AVENUE (5555CNT),0,1,40.02006,-105.221306,8,5555 CENTRAL AVE BOULDER CO 80301,,,
721EMRY,GUARDIAN STORAGE LONGMONT (721EMRY),820,3,40.149417,-105.100614,8,721 S EMERY ST LONGMONT CO 80501,,,
ABSA,ABSAROKA (ABSA),126,3,39.9926,-105.5457,,818 COUNTY RD 116 NEDERLAND CO 80466,,,
ADEN,ADEN HALL (ADEN),26941,1,40.00331,-105.26266,,2320 LIBBY DR BOULDER CO 80309,,,
AERO,AEROSPACE ENGINEERING SCIENCES (AERO),185868,1,40.0135,-105.2427,,3775 DISCOVERY DRIVE BOULDER CO 80309,,,
ALMG,ALUMNI CENTER GARAGE ANNEX (ALMG),1200,3,40.00913,-105.27896,,1202 UNIVERSITY AVE BOULDER CO 80309,,,
ALUM,KOENIG ALUMNI CENTER (ALUM),9781,1,40.00913,-105.27896,,1202 UNIVERSITY AVE BOULDER CO 80309,,,
ANDS,ANDREWS HALL (ANDS),61827,3,40.0053,-105.2616,,2510 KITTREDGE LOOP RD BOULDER CO 80309,,,
ARCE,ADMINISTRATIVE AND RESEARCH CENTER- EAST CAMPUS (ARCE),186279,3,40.01391,-105.25389,,3100 MARINE ST BOULDER CO 80303,,,
ARCEA,ADMINISTRATIVE AND RESEARCH CENTER MECHANICAL BUILDING (ARCEA),131,3,40.01391,-105.25389,,3100 MARINE ST BOULDER CO 80303,,,
ARL,ASTROPHYSICAL RESEARCH LABORATORY (ARL),34435,1,40.01235,-105.2472,,1255 38TH ST BOULDER CO 80303,,,
ARMR,ARMORY (ARMR),24976,1,40.010949826547176,-105.2738956,,1511 UNIVERSITY AVE BOULDER CO 80309,,,
ARNT,ARNETT HALL (ARNT),61574,1,40.0049,-105.2605,,2590 KITTREDGE LOOP RD BOULDER CO 80309,,,
ASPN,ASPEN (ASPN),506,3,39.9926,-105.5457,,818 COUNTY RD 116 NEDERLAND CO 80466,,,
ATCTA1,ATHENS COURT A1 (ATCTA1),7488,3,40.01389,-105.27202,,1930 ATHENS ST BOULDER CO 80309,,,
ATCTA2,ATHENS COURT A2 (ATCTA2),7488,1,40.0139,-105.2713,,1950 ATHENS ST BOULDER CO 80309,,,
ATCTA3,ATHENS COURT A3 (ATCTA3),7488,1,40.0134,-105.2714,,1931 GRANDVIEW AVE BOULDER CO 80309,,,
ATCTA4,ATHENS COURT A4 (ATCTA4),7488,1,40.0133,-105.2722,,1951 GRANDVIEW AVE BOULDER CO 80309,,,
ATCTB1,ATHENS COURT B1 (ATCTB1),8923,1,40.0143,-105.2727,,1910 ATHENS ST BOULDER CO 80309,,,
ATCTB2,ATHENS COURT B2 (ATCTB2),8923,1,40.0139,-105.2704,,2010 ATHENS ST BOULDER CO 80309,,,
ATCTB3,ATHENS COURT B3 (ATCTB3),8923,1,40.0136,-105.2693,,2050 ATHENS ST BOULDER CO 80309,,,
ATCTC1,ATHENS COURT C1 (ATCTC1),9836,1,40.0137,-105.2699,,2030 ATHENS ST BOULDER CO 80309,,,
ATCTC2,ATHENS COURT C2 (ATCTC2),10144,1,40.0129,-105.2701,,2031 GRANDVIEW AVE BOULDER CO 80309,,,
ATCTM1,ATHENS COURT MAIL 1 (ATCTM1),97,3,40.01334,-105.27218,,1951 GRANDVIEW AVE BOULDER CO 80309,,,
ATCTM2,ATHENS COURT MAIL 2 (ATCTM2),97,1,40.01334,-105.27218,,1951 GRANDVIEW AVE BOULDER CO 80309,,,
ATCTS1,ATHENS COURT STORAGE 1 (ATCTS1),97,1,40.01334,-105.27218,,1951 GRANDVIEW AVE BOULDER CO 80309,,,
ATCTS2,ATHENS COURT STORAGE 2 (ATCTS2),97,1,40.01334,-105.27218,,1951 GRANDVIEW AVE BOULDER CO 80309,,,
ATCTS3,ATHENS COURT STORAGE 3 (ATCTS3),97,1,40.01334,-105.27218,,1951 GRANDVIEW AVE BOULDER CO 80309,,,
ATCTT1,ATHENS COURT TELECOM 1 (ATCTT1),97,1,40.01334,-105.27218,,1951 GRANDVIEW AVE BOULDER CO 80309,,,
ATHN,ATHENS NORTH COURT (ATHN),52183,1,40.0134,-105.2737,,1855 ATHENS ST BOULDER CO 80309,,,
ATLS,ROSER ATLAS CENTER (ATLS),72739,1,40.00758224016665,-105.2699393,,1125 18TH ST BOULDER CO 80309,,,
BATH,BATH HOUSE (BATH),656,3,39.9926,-105.5457,,818 COUNTY RD 116 NEDERLAND CO 80466,,,
BCAPB,BEAR CREEK APT B (BCAPB),190886,1,39.99849,-105.25471,,3355 APACHE DR BOULDER CO 80309,,,
BCAT,BOBCAT (BCAT),127,3,39.9926,-105.5457,,818 COUNTY RD 116 NEDERLAND CO 80466,,,
BESC,BENSON EARTH SCIENCES BUILDING (BESC),89647,1,40.0073,-105.2635,,2200 COLORADO AVE BOULDER CO 80309,,,
BHRN,BIGHORN (BHRN),127,3,39.9926,-105.5457,,818 COUNTY RD 116 NEDERLAND CO 80466,,,
BIOT,JENNIE SMOLY CARUTHERS BIOTECHNOLOGY BUILDING (BIOT),416570,1,40.0118,-105.2483,,3415 COLORADO AVE BOULDER CO 80303,,,
BISN,BISON (BISN),127,3,39.9926,-105.5457,,818 COUNTY RD 116 NEDERLAND CO 80466,,,
BKER,BAKER HALL (BKER),113238,3,40.0051,-105.2685,,2005 BAKER DR BOULDER CO 80309,,,
BLWR,BLOWER BUILDING (BLWR),54,3,39.9926,-105.5457,,818 COUNTY RD 116 NEDERLAND CO 80466,,,
BREG,BICYCLE REGISTRATION BUILDING (BREG),60,3,40.00699059570047,-105.2701834,,1681 EUCLID AVE BOULDER CO 80309,,,
BRKT,BRACKETT HALL (BRKT),26901,1,40.0031,-105.2621,,2350 LIBBY DR BOULDER CO 80309,,,
BUCK,BUCKINGHAM HALL (BUCK),60221,1,40.0046,-105.2598,,2605 KITTREDGE LOOP RD BOULDER CO 80309,,,
C4C,CENTER FOR COMMUNITY (C4C),320785,2,40.00396,-105.2644,,2249 WILLARD LOOP DR BOULDER CO 80309,,,
CARL,CARLSON GYMNASIUM (CARL),58232,1,40.00943597411361,-105.2684695,,1900 PLEASANT ST BOULDER CO 80309,,,
CARP,CARPENTER SHOP (CARP),1234,1,39.9926,-105.5457,,818 COUNTY RD 116 NEDERLAND CO 80466,,,
CASE,CENTER FOR ACADEMIC SUCCESS AND ENGAGEMENT (CASE),248460,1,40.00624430631089,-105.2702022,,1725 EUCLID AVE BOULDER CO 80309,,,
CCH,LIMELIGHT CONFERENCE CENTER & HOTEL (CCH),0,1,40.0104,-105.2778,,1295 UNIVERSITY AVE BOULDER CO 80302,,,
CCHG,LIMELIGHT CONFERENCE CENTER & HOTEL GARAGE (CCHG),0,1,40.0108,-105.2783,,1215 GRANDVIEW AVE BOULDER CO 80302,,,
CEDU,CONTINUING EDUCATION CENTER (CEDU),19347,1,40.01087169,-105.2744722,,1505 UNIVERSITY AVE BOULDER CO 80302,,,
CHEM,CRISTOL CHEMISTRY & BIOCHEMISTRY BUILDING (CHEM),148716,1,40.007456598216606,-105.2710551,,1606 CENTRAL CAMPUS MALL BOULDER CO 80309,,,
CHEY,CHEYENNE ARAPAHO HALL (CHEY),110628,1,40.0028,-105.2657,,960 GREEN MTN ST BOULDER CO 80309,,,
CHKD,CHICKADEE (CHKD),124,1,39.9926,-105.5457,,818 COUNTY RD 116 NEDERLAND CO 80466,,,
CHKR,CHICKAREE (CHKR),138,1,39.9926,-105.5457,,818 COUNTY RD 116 NEDERLAND CO 80466,,,
CHMP,UCHEALTH CHAMPIONS CENTER (CHMP),231119,8,40.0097,-105.265,,2150 STADIUM DR BOULDER CO 80309,,,
CHST,CHEMICAL STORAGE BUILDING (CHST),165,3,40.0044,-105.2649,,1060 REGENT DRIVE BOULDER CO 80309,,,
CINC,CENTER FOR INNOVATION & CREATIVITY (CINC),87183,1,40.01685,-105.24647,,1777 EXPOSITION DR BOULDER CO 80303,,,
CINCP,CENTER FOR INNOVATION & CREATIVITY PAVILION (CINCP),1648,1,40.01685,-105.24647,,1777 EXPOSITION DR BOULDER CO 80303,,,
CIRE,CIRES COOPERATIVE INSTITUTE FOR RESEARCH IN ENVIRONMENTAL SCIENCES (CIRE),28657,1,40.00782291846816,-105.2714708,,1665 CENTRAL CAMPUS MALL BOULDER CO 80309,,,
CKRL,COCKERELL HALL (CKRL),25372,1,40.0035,-105.2619,,2370 LIBBY DR BOULDER CO 80309,,,
CLMB,COLUMBINE (CLMB),770,1,39.9926,-105.5457,,818 COUNTY RD 116 NEDERLAND CO 80466,,,
CLRE,CLARE SMALL ARTS & SCIENCES (CLRE),43373,1,40.01049981403569,-105.2700493,,1725 PLEASANT ST BOULDER CO 80309,,,
CLUB,UNIVERSITY CLUB (CLUB),28197,1,40.0082,-105.281,,972 BROADWAY BOULDER CO 80309,,,
COMP,COMPUTING CENTER (COMP),28880,1,40.0135,-105.2495,,3645 MARINE ST BOULDER CO 80303,,,
COTT,GATES WOODRUFF WOMEN'S STUDIES COTTAGE (COTT),5229,1,40.0099,-105.2811,,1160 BROADWAY BOULDER CO 80309,,,
COYO,COYOTE (COYO),127,1,39.9926,-105.5457,,818 COUNTY RD 116 NEDERLAND CO 80466,,,
CPMP,COLORADO POND PUMP STATION (CPMP),478,1,40.0081,-105.25877,,2700 COLORADO AVE BOULDER CO 80309,,,
CROS,CROSMAN HALL (CROS),25936,1,40.004,-105.2678,,1015 COCKERELL DR BOULDER CO 80309,,,
DACR,CU CHILDREN'S CENTER (DACR),4129,1,40.014219,-105.266029,8,2202 ARAPAHOE AVE BOULDER CO 80309,,,
DACRA,CU CHILDREN'S CENTER (DACRA),2360,1,40.014284926415506,-105.265924,,2202 ARAPAHOE AVE BOULDER CO 80309,,,
DACRB,CU CHILDREN'S CENTER (DACRB),189,1,40.014145201716204,-105.2660689,,2202 ARAPAHOE AVE BOULDER CO 80309,,,
DALW,DAL WARD ATHLETIC CENTER (DALW),100749,5,40.0104,-105.266,,2100 STADIUM DR BOULDER CO 80309,,,
DDW,DUANE D-WING (DDW),31997,3,40.0075,-105.267,,1950 COLORADO AVE BOULDER CO 80309,,,
DEN,DENISON ARTS & SCIENCES BUILDING (DEN),5471,1,40.0097,-105.2825,,1080 BROADWAY BOULDER CO 80309,,,
DHLL,DINING HALL (DHLL),2452,1,39.9926,-105.5457,,818 COUNTY RD 116 NEDERLAND CO 80466,,,
DLC,GALLOGLY DISCOVERY LEARNING CENTER (DLC),59745,1,40.0051,-105.2662,,1095 REGENT DR BOULDER CO 80309,,,
DRLN,DARLEY TOWERS NORTH (DRLN),72423,1,40.002,-105.257,,500 30TH ST BOULDER CO 80309,,,
DRLS,DARLEY TOWERS SOUTH (DRLS),50541,1,40.0016,-105.257,,500 30TH ST BOULDER CO 80309,,,
DUAN,DUANE PHYSICS (DUAN),195233,2,40.0076,-105.2664,,2000 COLORADO AVE BOULDER CO 80309,,,
ECAD,ENGINEERING ADMINISTRATION WING (ECAD),18817,3,40.0068,-105.2638,,1111 ENGINEERING DR BOULDER CO 80309,,,
ECCE,ENGINEERING CIVIL & ENVIRONMENTAL WING (ECCE),71932,3,40.0068,-105.2638,,1111 ENGINEERING DR BOULDER CO 80309,,,
ECCR,ENGINEERING CLASSROOM WING (ECCR),63929,3,40.0068,-105.2638,,1111 ENGINEERING DR BOULDER CO 80309,,,
ECCS,ENGINEERING COMPUTER SCIENCE DEPT (ECCS),36859,3,40.0068,-105.2638,,1111 ENGINEERING DR BOULDER CO 80309,,,
ECEE,ENGINEERING ELECTRICAL WING (ECEE),112348,3,40.0068,-105.2638,,1111 ENGINEERING DR BOULDER CO 80309,,,
ECES,ENVIRONMENTAL SUSTAINABILITY WING (ECES),51836,3,40.0068,-105.2638,,1111 ENGINEERING DR BOULDER CO 80309,,,
ECGBA,EAST CAMPUS GROUNDS BUILDING A (ECGBA),294,1,40.0129,-105.2519,,3300 MARINE ST BOULDER CO 80303,,,
ECGBB,EAST CAMPUS GROUNDS BUILDING B (ECGBB),483,1,40.0129,-105.2519,,3300 MARINE ST BOULDER CO 80303,,,
ECGBC,EAST CAMPUS GROUNDS BUILDING C (ECGBC),294,1,40.0129,-105.2519,,3300 MARINE ST BOULDER CO 80303,,,
ECGBD,EAST CAMPUS GROUNDS BUILDING D (ECGBD),294,1,40.0129,-105.2519,,3300 MARINE ST BOULDER CO 80303,,,
ECME,ENGINEERING MECHANICAL WING (ECME),51762,3,40.0068,-105.2638,,1111 ENGINEERING DR BOULDER CO 80309,,,
ECNT,ENGINEERING NORTH TOWER (ECNT),18156,1,40.0068,-105.2638,,1111 ENGINEERING DR BOULDER CO 80309,,,
ECNW,ENGINEERING CENTER NORTH WING (ECNW),40692,1,40.0068,-105.2638,,1111 ENGINEERING DR BOULDER CO 80309,,,
ECON,ECONOMICS BUILDING (ECON),29605,1,40.00784502832323,-105.2745527,,1445 CENTRAL CAMPUS MALL BOULDER CO 80309,,,
ECOT,ENGINEERING OFFICE TOWER (ECOT),90249,1,40.0068,-105.2638,,1111 ENGINEERING DR BOULDER CO 80309,,,
ECPDC,EAST CAMPUS POWER DISTRIBUTION CENTER (ECPDC),1491,1,40.0122,-105.2516,,1360 33RD ST BOULDER CO 80303,,,
ECSL,ENGINEERING STORES & LABS (ECSL),12274,1,40.0068,-105.2638,,1111 ENGINEERING DR BOULDER CO 80309,,,
ECST,ENGINEERING SOUTH TOWER (ECST),16906,1,40.0068,-105.2638,,1111 ENGINEERING DR BOULDER CO 80309,,,
EDEP,EAST DISTRICT ENERGY PLANT (EDEP),56546,1,40.004,-105.2655,,980 REGENT DR BOULDER CO 80309,,,
EHSC,ENVIRONMENTAL HEALTH & SAFETY (EHSC),22270,1,40.0044,-105.264,,1000 REGENT DR BOULDER CO 80309,,,
EKLC,EKELEY SCIENCES BUILDING (EKLC),133996,1,40.008101819525386,-105.2717873,,1601 CENTRAL CAMPUS MALL BOULDER CO 80309,,,
ELSH,ELECTRIC SHOP (ELSH),232,1,39.9926,-105.5457,,818 COUNTY RD 116 NEDERLAND CO 80466,,,
EMGBA,EAST MAIN GROUNDS BUILDING A (EMGBA),295,1,40.005,-105.2656,,950 REGENT DR BOULDER CO 80309,,,
EMGBB,EAST MAIN GROUNDS BUILDING B (EMGBB),294,1,40.005,-105.2656,,950 REGENT DR BOULDER CO 80309,,,
ENVD,ENVIRONMENTAL DESIGN BUILDING (ENVD),60412,1,40.00698851078273,-105.2691856,,1060 18TH ST BOULDER CO 80309,,,
EVNT,CU EVENTS CENTER (EVNT),194226,2,40.0049,-105.264,,950 REGENT DR BOULDER CO 80309,,,
FBST,FOLSOM BIKE STATION (FBST),347,1,40.005,-105.2677,,COCKERELL DR BOULDER CO 80309,,,
FH,BALCH FIELDHOUSE COMPLEX (FH),69161,3,40.008,-105.268,,1995 COLORADO AVE BOULDER CO 80309,,,
FHPB,BALCH FIELDHOUSE PRESSBOX (FHPB),20247,1,40.008,-105.268,,2005 COLORADO AVE BOULDER CO 80309,,,
FIRE,FIRE SPRINKLER BUILDING (FIRE),62,1,39.9926,-105.5457,,818 COUNTY RD 116 NEDERLAND CO 80466,,,
FISK,FISKE PLANETARIUM & SCIENCE CENTER (FISK),16768,1,40.0043,-105.2615,,2414 REGENT DR BOULDER CO 80309,,,
FLYC,FLYCATCHER (FLYC),124,1,39.9926,-105.5457,,818 COUNTY RD 116 NEDERLAND CO 80466,,,
FNCH,FINCH (FNCH),126,1,39.9926,-105.5457,,818 COUNTY RD 116 NEDERLAND CO 80466,,,
FRND,FARRAND HALL (FRND),132552,3,40.0044,-105.267,,2200 BAKER DR BOULDER CO 80309,,,
FS1,FACULTY STAFF COURT 1 (FS1),3574,1,40.0126,-105.2723,,1245 19TH ST BOULDER CO 80309,,,
FS2,FACULTY STAFF COURT 2 (FS2),3574,1,40.0131,-105.2732,,1250 18TH ST BOULDER CO 80309,,,
FS4,FACULTY STAFF COURT 4 (FS4),3574,1,40.0124,-105.2721,,1255 19TH ST BOULDER CO 80309,,,
FS8,FACULTY STAFF COURT 8 (FS8),3574,1,40.0133,-105.2739,,1850 ATHENS ST BOULDER CO 80309,,,
FS9,FACULTY STAFF COURT 9 (FS9),3566,1,40.0131,-105.2736,,1860 ATHENS ST BOULDER CO 80309,,,
GASR,GAS REGULATOR BUILDING (GASR),918,1,40.0079,-105.2585,,2750 COLORADO AVE4 BOULDER CO 80309,,,
GCOT,THE GRANDVIEW COTTAGE (GCOT),3886,3,40.011,-105.2778,,1320 GRANDVIEW AVE BOULDER CO 80302,,,
GH-1,GREENHOUSE NO 1 AT MACKY (GH-1),3299,3,40.00979269583506,-105.2730641,,1275 MACKY DR BOULDER CO 80309,,,
GH-3,RESEARCH PARK GREENHOUSE (GH-3),10324,3,40.0135,-105.251,,1380 30TH ST BOULDER CO 80303,,,
GNHS,MOUNTAIN RESEARCH GREENHOUSE (GNHS),160,1,39.9926,-105.5457,,818 COUNTY RD 116 NEDERLAND CO 80466,,,
GNSH,GENERATOR SHED (GNSH),144,1,39.9926,-105.5457,,818 COUNTY RD 116 NEDERLAND CO 80466,,,
GOLD,GOLD BIOSCIENCES BUILDING (GOLD),132267,1,40.008634457056644,-105.2682307,,1945 COLORADO AVE BOULDER CO 80309,,,
GONG,NSO GONG BUILDING (GONG),480,1,40.015,-105.244,,4001 DISCOVERY DR BOULDER CO 80303,,,
GRGE,GARAGE (GRGE),731,1,39.9926,-105.5457,,818 COUNTY RD 116 NEDERLAND CO 80466,,,
GROC,GROUNDS AND RECYCLING OPERATIONS CENTER (GROC),19318,1,40.0043,-105.2651,,1060 REGENT DR BOULDER CO 80309,,,
GROU,GROUSE (GROU),126,1,39.9926,-105.5457,,818 COUNTY RD 116 NEDERLAND CO 80466,,,
GRSH,GARAGE SHED (GRSH),162,1,39.9926,-105.5457,,818 COUNTY RD 116 NEDERLAND CO 80466,,,
GSHK,GOSHAWK (GSHK),125,1,39.9926,-105.5457,,818 COUNTY RD 116 NEDERLAND CO 80466,,,
GSREC,GAS REGULATOR BUILDING EAST CAMPUS (GSREC),187,1,40.0146,-105.2452,,1239 INNOVATION DRIVE BOULDER CO 80303,,,
GUGG,GUGGENHEIM GEOGRAPHY BUILDING (GUGG),22909,1,40.00817595,-105.2742496,,1475 CENTRAL CAMPUS MALL BOULDER CO 80309,,,
GVAS,1330/1332 GRANDVIEW (GVAS),1776,3,40.0115,-105.2774,,1330/1332 GRANDVIEW AVE BOULDER CO 80302,,,
HALE,HALE SCIENCE BUILDING (HALE),41791,1,40.0082,-105.2775,,1350 PLEASANT ST BOULDER CO 80309,,,
HAZM,HAZMAT SHED (HAZM),82,1,39.9926,-105.5457,,818 COUNTY RD 116 NEDERLAND CO 80466,,,
HEND,HENDERSON BUILDING (MUSEUM),31238,3,40.0094,-105.2811,,1030 BROADWAY BOULDER CO 80309,,,
HFOC,HOUSING & DINING SERVICES FACILITES OPERATIONS (HFOC),38581,1,40.0133,-105.2505,,3500 MARINE ST BOULDER CO 80303,,,
HLET,HALLETT HALL (HLET),98234,1,40.0035,-105.264,,2250 WILLARD LOOP DR BOULDER CO 80309,,,
HLMS,HELLEMS ARTS & SCIENCES BUILDING (HLMS),117625,3,40.00744245898973,-105.2724069,,1550 CENTRAL CAMPUS MALL BOULDER CO 80309,,,
HPCF,HIGH PERFORMANCE COMPUTING FACILITY (HPCF),2312,1,40.01685,-105.24647,,1777 EXPOSITION DR BOULDER CO 80303,,,
HSSC,HOUSING SYSTEM SERVICE CENTER (HSSC),39015,1,40.0125,-105.2507,,3381 MARINE ST BOULDER CO 80303,,,
HUMM,HUMMINGBIRD (HUMM),126,1,39.9926,-105.5457,,818 COUNTY RD 116 NEDERLAND CO 80466,,,
HUMN,EATON HUMANITIES BUILDING (HUMN),61492,1,40.00922580973036,-105.2719724,,1610 PLEASANT ST BOULDER CO 80309,,,
IBG,INSTITUTE FOR BEHAVIORAL GENETICS (IBG),25741,3,40.0143,-105.252,,1480 30TH ST BOULDER CO 80303,,,
IEC,INTERNATIONAL ENGLISH CENTER (IEC),13075,3,40.0163,-105.279,,1030 13TH STREET BOULDER CO 80302,,,
INFO,"COLLEGE OF MEDIA, COMMUNICATION AND INFORMATION DEPARTMENT OF INFORMATION SCIENCE (INFO)",16773,3,40.00694536,-105.269824,,1045 18TH ST BOULDER CO 80309,,,
IPRC,INDOOR PRACTICE FACILITY (IPRC),328098,1,40.009,-105.2655,,2250 STADIUM DR BOULDER CO 80309,,,
ITLL,DRESCHER UNDERGRADUATE ENGINEERING INTEGRATED TEACHING AND LEARNING LAB (ITLL),37115,1,40.005,-105.267,,1045 REGENT DR BOULDER CO 80309,,,
JAY,JAY (JAY),117,1,39.9926,-105.5457,,818 COUNTY RD 116 NEDERLAND CO 80466,,,
JESS,RICHARD JESSOR BUILDING (JESS),57869,3,40.01027761,-105.2752984,,1440 15TH ST BOULDER CO 80309,,,
JILA,JILA (JILA),160974,6,40.0075,-105.2675,,1900 COLORADO AVE BOULDER CO 80309,,,
JNCO,JUNCO (JNCO),124,1,39.9926,-105.5457,,818 COUNTY RD 116 NEDERLAND CO 80466,,,
KCEN,KITTREDGE CENTRAL (KCEN),100743,3,40.0051,-105.2621,,2480 KITTREDGE LOOP RD BOULDER CO 80309,,,
KCHN,KITCHEN (KCHN),402,1,39.9926,-105.5457,,818 COUNTY RD 116 NEDERLAND CO 80466,,,
KCNC,KITCHEN COOLER (KCNC),136,1,39.9926,-105.5457,,818 COUNTY RD 116 NEDERLAND CO 80466,,,
KIOW,KIOWA LAB (KIOW),2967,1,39.9926,-105.5457,,818 COUNTY RD 116 NEDERLAND CO 80466,,,
KITW,KITTREDGE WEST HALL (KITW),73810,3,40.0055,-105.263,,2400 KITTREDGE LOOP RD BOULDER CO 80309,,,
KOBL,KOELBEL BUILDING - LEEDS SCHOOL OF BUSINESS (KOBL),202086,1,40.0049,-105.265,,995 REGENT DR BOULDER CO 80309,,,
KTCH,KETCHUM ARTS & SCIENCES BUILDING (KTCH),57765,1,40.00805713473418,-105.2702263,,1775 CENTRAL CAMPUS MALL BOULDER CO 80309,,,
KVCU,KVCU RADIO TOWER (KVCU),128,1,39.9829,-105.269,,1180 MARSHALL ROAD BOULDER CO 80305,,,
LBB,LUCILE BERKELEY BUCHANAN BUILDING (LBB),46496,1,40.00741504579532,-105.2735871,,1500 CENTRAL CAMPUS MALL BOULDER CO 80309,,,
LDAR,CIRES LIDAR FACILITY (LDAR),0,1,39.8164,-105.289,,21154 WESTGATE ROAD GOLDEN CO 80403,,,
LESS,LESSER HOUSE (LESS),3454,1,40.0078,-105.2608,,2501 COLORADO AVE BOULDER CO 80309,,,
LIBR,NORLIN LIBRARY (LIBR),337455,1,40.00870646,-105.2707762,,1157 18TH ST BOULDER CO 80309,,,
LIBY,LIBBY HALL (LIBY),109310,1,40.0044,-105.266,,2115 BAKER DR BOULDER CO 80309,,,
LITR,LITMAN RESEARCH LAB (RL1) (LITR),53923,1,40.013233814717545,-105.2529743,,1560 30TH ST BOULDER CO 80303,,,
LMBR,LIMBER (LMBR),577,1,39.9926,-105.5457,,818 COUNTY RD 116 NEDERLAND CO 80466,,,
LSRL,LIFE SCIENCE RESEARCH LAB (RL4) (LSRL),11982,1,40.01261069226014,-105.2529261,,1520 30TH ST BOULDER CO 80303,,,
LSTR,LASP SPACE TECHNOLOGY RESEARCH CENTER (LSTR),117377,1,40.0142,-105.245,,1234 INNOVATION DR BOULDER CO 80303,,,
MAIN,OLD MAIN (MAIN),28702,2,40.009224181417274,-105.2733672,,1540 PLEASANT ST BOULDER CO 80309,,,
MARR,MARR ALPINE LABORATORY (MARR),6563,1,39.9926,-105.5457,,818 COUNTY RD 116 NEDERLAND CO 80466,,,
MATH,MATHEMATICS BUILDING (MATH),63909,1,40.0072,-105.263,,2300 COLORADO AVE BOULDER CO 80309,,,
MBE,OFELIA MIRAMONTES AND LEONARD BACA EDUCATION BUILDING (MBE),127440,1,40.0055,-105.262,,2445 KITTREDGE LOOP RD BOULDER CO 80309,,,
MCFL,MOORES COLLINS FAMILY LODGE (MCFL),4447,1,39.9926,-105.5457,,818 COUNTY RD 116 NEDERLAND CO 80466,,,
MCKY,MACKY AUDITORIUM (MCKY),89119,2,40.00999042633077,-105.2727234,,1595 PLEASANT ST BOULDER CO 80309,,,
MCOL,BRUCE CURTIS BUILDING (MCOL),43409,3,40.0086,-105.2756,,1440 CENTRAL CAMPUS MALL BOULDER CO 80309,,,
MCPDC,MAIN CAMPUS POWER DISTRIBUTION (MCPDC),2082,1,40.0068,-105.2638,,1111 ENGINEERING DR BOULDER CO 80309,,,
MGRN,MEGARON CLASSROOM (MGRN),910,1,39.9926,-105.5457,,818 COUNTY RD 116 NEDERLAND CO 80466,,,
MKNA,MCKENNA LANGUAGES BUILDING (MKNA),23113,1,40.009735729965826,-105.2736193,,1505 PLEASANT ST BOULDER CO 80309,,,
MRCTA,MARINE COURT A (MRCTA),39562,1,40.0135,-105.2707,,1350 20TH ST BOULDER CO 80309,,,
MRCTB,MARINE COURT B (MRCTB),11048,1,40.0135,-105.2707,,1350 20TH ST BOULDER CO 80309,,,
MRCTC,MARINE COURT C (MRCTC),2720,1,40.0135,-105.2707,,1350 20TH ST BOULDER CO 80309,,,
MRCTD,MARINE COURT D (MRCTD),4160,1,40.0135,-105.2707,,1350 20TH ST BOULDER CO 80309,,,
MRCTE,MARINE COURT E (MRCTE),4980,1,40.0135,-105.2707,,1350 20TH ST BOULDER CO 80309,,,
MRCTF,MARINE COURT F (MRCTF),3338,1,40.0135,-105.2707,,1350 20TH ST BOULDER CO 80309,,,
MRCTG,MARINE COURT G (MRCTG),11874,1,40.0135,-105.2707,,1350 20TH STREET BOULDER CO 80309,,,
MRCTH,MARINE COURT H (MRCTH),11090,1,40.0135,-105.2707,,1350 20TH ST BOULDER CO 80309,,,
MRCTJ,MARINE COURT J (MRCTJ),11874,1,40.0135,-105.2707,,1350 20TH ST BOULDER CO 80309,,,
MRCTK,MARINE COURT K (MRCTK),11322,1,40.0135,-105.2707,,1350 20TH STREET BOULDER CO 80309,,,
MRCTM,MARINE COURT MAIL (MRCTM),324,1,40.0135,-105.2707,,1350 20TH ST BOULDER CO 80309,,,
MRMT,MARMOT (MRMT),126,1,39.9926,-105.5457,,818 COUNTY RD 116 NEDERLAND CO 80466,,,
MRTN,MERTENSIA (MRTN),469,1,39.9926,-105.5457,,818 COUNTY RD 116 NEDERLAND CO 80466,,,
MSSC,MARINE STREET SCIENCE CENTER (RL6) (MSSC),50512,3,40.013,-105.253,,3215 MARINE ST BOULDER CO 80303,,,
MUEN,MUENZINGER PSYCHOLOGY & NUEROSCIENCE BUILDING (MUEN),152413,1,40.0076,-105.268,,1905 COLORADO AVE BOULDER CO 80309,,,
MUS,IMIG MUSIC BUILDING (MUS),158620,1,40.00611324191254,-105.2689388,,1020 18TH ST BOULDER CO 80309,,,
NBB590A,NBB--SEEC SKYWATCH (NBB590A),182,1,40.015,-105.244,,4001 DISCOVERY DR BOULDER CO 80303,,,
NBB699A,NBB--BEAR CREEK SHED 1 (NBB699A),87,1,39.99849,-105.25471,,3355 APACHE DRIVE BOULDER CO 80309,,,
NBB699B,NBB--BEAR CREEK SHED 2 (NBB699B),47,1,39.99849,-105.25471,,3355 APACHE DRIVE BOULDER CO 80309,,,
NBB799A,NBB--CAMPUS SHELTER SOUTH PROP (NBB799A),600,1,39.9765,-105.254,,5278 TABLE MESA DR BOULDER CO 80305,,,
NPL,NEW PHYSICS LABORATORY (NPL),27537,1,40.0132,-105.251,,3400 MARINE ST BOULDER CO 80303,,,
NTCR,NUTCRACKER (NTCR),127,1,39.9926,-105.5457,,818 COUNTY RD 116 NEDERLAND CO 80466,,,
NTCT1A,NEWTON COURT 1A (NTCT1A),27036,1,40.01250745,-105.2643764,,1475 FOLSOM & 2300 ARAPAHOE BOULDER CO 80309,,,
NTCT1B,NEWTON COURT 1B (NTCT1B),27033,1,40.01225643088803,-105.2647734,,1475 FOLSOM & 2300 ARAPAHOE BOULDER CO 80309,,,
NTCT2A,NEWTON COURT 2A (NTCT2A),8767,1,40.01349248269085,-105.2655137,,1475 FOLSOM & 2300 ARAPAHOE BOULDER CO 80309,,,
NTCT2B,NEWTON COURT 2B (NTCT2B),8466,1,40.01365900567617,-105.2654144,,1475 FOLSOM & 2300 ARAPAHOE BOULDER CO 80309,,,
NTCT2C,NEWTON COURT 2C (NTCT2C),8454,1,40.013811120067174,-105.2656236,,1475 FOLSOM & 2300 ARAPAHOE BOULDER CO 80309,,,
NTCT2D,NEWTON COURT 2D (NTCT2D),8454,1,40.01394808540804,-105.2655512,,1475 FOLSOM & 2300 ARAPAHOE BOULDER CO 80309,,,
NTCT2E,NEWTON COURT 2E (NTCT2E),8454,1,40.014092538586326,-105.2651435,,1475 FOLSOM & 2300 ARAPAHOE BOULDER CO 80309,,,
NTCT2F,NEWTON COURT 2F (NTCT2F),8481,1,40.013983000769166,-105.2649799,,1475 FOLSOM & 2300 ARAPAHOE BOULDER CO 80309,,,
NTCT2G,NEWTON COURT 2G (NTCT2G),8773,1,40.01416588132016,-105.2647761,,1475 FOLSOM & 2300 ARAPAHOE BOULDER CO 80309,,,
NTCT2H,NEWTON COURT 2H (NTCT2H),8478,1,40.01406943224304,-105.2646178,,1475 FOLSOM & 2300 ARAPAHOE BOULDER CO 80309,,,
NTCT2J,NEWTON COURT 2J (NTCT2J),8481,1,40.01361527811531,-105.2644783,,1475 FOLSOM & 2300 ARAPAHOE BOULDER CO 80309,,,
NTCT2K,NEWTON COURT 2K (NTCT2K),8481,1,40.013718175442904,-105.2643174,,1475 FOLSOM & 2300 ARAPAHOE BOULDER CO 80309,,,
NTCT2L,NEWTON COURT 2L (NTCT2L),8471,1,40.013554130060555,-105.2641457,,1475 FOLSOM & 2300 ARAPAHOE BOULDER CO 80309,,,
NTCT2M,NEWTON COURT 2M (NTCT2M),8454,1,40.01362568357592,-105.2639365,,1475 FOLSOM & 2300 ARAPAHOE BOULDER CO 80309,,,
NTCT2N,NEWTON COURT 2N (NTCT2N),8453,1,40.013443060989964,-105.26373,,1475 FOLSOM & 2300 ARAPAHOE BOULDER CO 80309,,,
NTCT2P,NEWTON COURT 2P (NTCT2P),8454,1,40.013557598067635,-105.2635556,,1475 FOLSOM & 2300 ARAPAHOE BOULDER CO 80309,,,
NTCT2R,NEWTON COURT 2R (NTCT2R),8454,1,40.01317360687648,-105.2644569,,1475 FOLSOM & 2300 ARAPAHOE BOULDER CO 80309,,,
NTCT2S,NEWTON COURT 2S (NTCT2S),8454,1,40.01327205933899,-105.264253,,1475 FOLSOM & 2300 ARAPAHOE BOULDER CO 80309,,,
NTCT2T,NEWTON COURT 2T (NTCT2T),8454,1,40.013095903039016,-105.2640411,,1475 FOLSOM & 2300 ARAPAHOE BOULDER CO 80309,,,
NTCT2U,NEWTON COURT 2U (NTCT2U),8454,1,40.01314729595573,-105.2638668,,1475 FOLSOM & 2300 ARAPAHOE BOULDER CO 80309,,,
NTCT2V,NEWTON COURT 2V (NTCT2V),8454,1,40.013063238618955,-105.2648002,,1475 FOLSOM & 2300 ARAPAHOE BOULDER CO 80309,,,
NTCT2W,NEWTON COURT 2W (NTCT2W),8454,1,40.01293565172859,-105.2649638,,1475 FOLSOM & 2300 ARAPAHOE BOULDER CO 80309,,,
NTCT2X,NEWTON COURT 2X (NTCT2X),8454,1,40.01278355495116,-105.2646875,,1475 FOLSOM & 2300 ARAPAHOE BOULDER CO 80309,,,
NTCT2Y,NEWTON COURT 2Y (NTCT2Y),8454,1,40.013538621849534,-105.2647841,,1475 FOLSOM & 2300 ARAPAHOE BOULDER CO 80309,,,
NTCTA,NEWTON COURT BOILER A (NTCTA),151,1,40.01335643669931,-105.2647492,,1475 FOLSOM & 2300 ARAPAHOE BOULDER CO 80309,,,
NTCTAB,NEWTON COURT BOILER AB (NTCTAB),132,1,40.01323930732447,-105.264945,,1475 FOLSOM & 2300 ARAPAHOE BOULDER CO 80309,,,
NTCTB,NEWTON COURT BOILER B (NTCTB),226,1,40.013246096272965,-105.2647519,,1475 FOLSOM & 2300 ARAPAHOE BOULDER CO 80309,,,
NTCTCD,NEWTON COURT BOILER CD (NTCTCD),132,1,40.01368987711725,-105.2655512,,1475 FOLSOM & 2300 ARAPAHOE BOULDER CO 80309,,,
NTCTEF,NEWTON COURT BOILER EF (NTCTEF),132,1,40.01363443981331,-105.2649477,,1475 FOLSOM & 2300 ARAPAHOE BOULDER CO 80309,,,
NTCTGH,NEWTON COURT BOILER GH (NTCTGH),132,1,40.013444772533255,-105.2646178,,1475 FOLSOM & 2300 ARAPAHOE BOULDER CO 80309,,,
NTCTJK,NEWTON COURT BOILER JK (NTCTJK),132,1,40.01289821849519,-105.2644998,,1475 FOLSOM & 2300 ARAPAHOE BOULDER CO 80309,,,
NTCTL2,NEWTON COURT L2 (NTCTL2),834,1,40.013740063106084,-105.2649182,,1475 FOLSOM & 2300 ARAPAHOE BOULDER CO 80309,,,
NTCTL3,NEWTON COURT L3 (NTCTL3),1157,1,40.013711635083745,-105.2646554,,1475 FOLSOM & 2300 ARAPAHOE BOULDER CO 80309,,,
NTCTLM,NEWTON COURT BOILER LM (NTCTLM),132,1,40.01362125545843,-105.2647197,,1475 FOLSOM & 2300 ARAPAHOE BOULDER CO 80309,,,
NTCTNP,NEWTON COURT BOILER NP (NTCTNP),132,1,40.01385920386831,-105.2648377,,1475 FOLSOM & 2300 ARAPAHOE BOULDER CO 80309,,,
NTCTPH,NEWTON COURT PUMPHOUSE 1 (NTCTPH),308,1,40.01353044094436,-105.2649128,,1475 FOLSOM & 2300 ARAPAHOE BOULDER CO 80309,,,
NTCTRS,NEWTON COURT BOILER RS (NTCTRS),132,1,40.013481013474006,-105.2649236,,1475 FOLSOM & 2300 ARAPAHOE BOULDER CO 80309,,,
NTCTTU,NEWTON COURT BOILER TU (NTCTTU),132,1,40.01351388,-105.2645051,,1475 FOLSOM & 2300 ARAPAHOE BOULDER CO 80309,,,
NTCTVW,NEWTON COURT BOILER VW (NTCTVW),132,1,40.01382629199626,-105.2649558,,1475 FOLSOM & 2300 ARAPAHOE BOULDER CO 80309,,,
NTCTXY,NEWTON COURT BOILER XY (NTCTXY),132,1,40.01349748833528,-105.2647197,,1475 FOLSOM & 2300 ARAPAHOE BOULDER CO 80309,,,
OB1,ARTS & SCIENCES OFFICE BUILDING 1 (OB1),8676,3,40.0118,-105.2735,,1201 17TH ST BOULDER CO 80302,,,
OBSR,OBSERVATORY (OBSR),121,1,39.9926,-105.5457,,818 COUNTY RD 116 NEDERLAND CO 80466,,,
OBSV,SOMMERS-BAUSCH OBSERVATORY (OBSV),8567,1,40.0048,-105.2616,,2475 KITTREDGE LOOP RD BOULDER CO 80309,,,
PDLP,PONDEROSA LODGEPOLE (PDLP),2000,1,39.9926,-105.5457,,818 COUNTY RD 116 NEDERLAND CO 80466,,,
PDPS,POLICE & PARKING SERVICES CENTER (PDPS),31986,1,40.0046,-105.2647,,1050 REGENT DR BOULDER CO 80309,,,
PFDC,PAGE FOUNDATION CENTER (PFDC),10276,1,40.0105,-105.2774,,1305 UNIVERSITY AVE BOULDER CO 80302,,,
PFPS,PRACTICE FOOTBALL FIELD PUMP STATION (PFPS),180,1,40.0118,-105.2662,,1311 FOLSOM ST BOULDER CO 80309,,,
PGRG,PONDEROSA GARAGE (PGRG),343,1,39.9926,-105.5457,,818 COUNTY RD 116 NEDERLAND CO 80466,,,
PIKA,PIKA (PIKA),126,1,39.9926,-105.5457,,818 COUNTY RD 116 NEDERLAND CO 80466,,,
PORC,PORCUPINE (PORC),127,1,39.9926,-105.5457,,818 COUNTY RD 116 NEDERLAND CO 80466,,,
PORT,PORTER BIOSCIENCES (PORT),108808,1,40.00895098805025,-105.2688852,,1925 COLORADO AVE BOULDER CO 80309,,,
PPCB,POTTS/PRENTUP CONCESSIONS BUILDING (PPCB),4056,1,40.009899842498086,-105.2494043,8,3593 DISCOVERY DR BOULDER CO 80303,,,
PRL3,4845 PEARL EAST CIRCLE (PRL3),14565,3,40.021735,-105.240713,8,4845 PEARL EAST CIR. BOULDER CO 80301,,,
PTRM,PTARMIGAN (PTRM),124,1,39.9926,-105.5457,,750 COUNTY RD 116 NEDERLAND CO 80466,,,
RAMY,RAMALEY BIOLOGY BUILDING (RAMY),139442,2,40.00871471679882,-105.269655,,1805 COLORADO AVE BOULDER CO 80309,,,
REC,STUDENT RECREATION CENTER (REC),335846,14,40.01014043726451,-105.2690086,,1855 PLEASANT ST BOULDER CO 80309,,,
REED,REED HALL (REED),25683,1,40.0041,-105.268,,1001 COCKERELL DR BOULDER CO 80309,,,
RES1,RESIDENCE ONE (RES1) (TEMP NAMING),136195,1,40.013,-105.2718,,1945 ATHENS ST BOULDER CO 80309,,,
RGNT,REGENT ADMINISTRATIVE CENTER (RGNT),89306,1,40.0035,-105.2655,,2055 REGENT DR BOULDER CO 80309,,,
RL2,RESEARCH LAB NO 2 (RL2),76855,3,40.0145,-105.254,,1540 30TH ST BOULDER CO 80303,,,
ROBN,ROBIN (ROBN),126,1,39.9926,-105.5457,,818 COUNTY RD 116 NEDERLAND CO 80466,,,
RPMP,RESEARCH PARK PUMP STATION (RPMP),295,1,40.0125,-105.247,,1257 38TH ST BOULDER CO 80303,,,
RPRK,REGENT DR AUTOPARK (RPRK),279606,3,40.0046,-105.2647,,1050 REGENT DR BOULDER CO 80309,,,
SEEC,SUSTAINABILTY ENERGY AND ENVIRONMENT COMMUNITY (SEEC),292458,2,40.015,-105.244,,4001 DISCOVERY DR BOULDER CO 80303,,,
SEEL,SUSTAINABILTY ENERGY AND ENVIRONMENT LABORATORY (SEEL),143721,1,40.015,-105.244,,4001 DISCOVERY DR BOULDER CO 80303,,,
SKIS,SKI CENTER STORAGE (SKIS),450,1,40.00970087547703,-105.2495652,,3597 DISCOVERY DR BOULDER CO 80303,,,
SLHS,SPEECH LANGUAGE AND HEARING SCIENCES (SLHS),22558,1,40.0048,-105.261,,2501 KITTREDGE LOOP RD BOULDER CO 80309,,,
SLKR,SOCCER LOCKER ROOM (SLKR),2275,1,40.009881726151896,-105.2495813,,3595 DISCOVERY DR BOULDER CO 80303,,,
SLSH,SPEECH LANGUAGE AND HEARING SCIENCES SHED (SLSH),168,1,40.0048,-105.261,,2501 KITTREDGE LOOP RD BOULDER CO 80309,,,
SMCTA1,SMILEY COURT A1 (SMCTA1),7740,1,40.0135,-105.252,,1300 30TH ST BOULDER CO 80303,,,
SMCTA2,SMILEY COURT A2 (SMCTA2),11563,1,40.0135,-105.252,,1300 30TH ST BOULDER CO 80303,,,
SMCTA3,SMILEY COURT A3 (SMCTA3),11563,1,40.0135,-105.252,,1300 30TH ST BOULDER CO 80303,,,
SMCTB1,SMILEY COURT B1 (SMCTB1),18305,1,40.0135,-105.252,,1300 30TH ST BOULDER CO 80303,,,
SMCTB2,SMILEY COURT B2 (SMCTB2),18302,1,40.0135,-105.252,,1300 30TH ST BOULDER CO 80303,,,
SMCTB3,SMILEY COURT B3 (SMCTB3),18300,1,40.0135,-105.252,,1300 30TH ST BOULDER CO 80303,,,
SMCTB4,SMILEY COURT B4 (SMCTB4),18300,1,40.0135,-105.252,,1300 30TH ST BOULDER CO 80303,,,
SMCTD1,SMILEY COURT D1 (SMCTD1),3966,1,40.0135,-105.252,,1300 30TH ST BOULDER CO 80303,,,
SMCTD10,SMILEY COURT D10 (SMCTD10),5928,1,40.0135,-105.252,,1300 30TH ST BOULDER CO 80303,,,
SMCTD2,SMILEY COURT D2 (SMCTD2),5928,1,40.0135,-105.252,,1300 30TH ST BOULDER CO 80303,,,
SMCTD3,SMILEY COURT D3 (SMCTD3),3966,1,40.0135,-105.252,,1300 30TH ST BOULDER CO 80303,,,
SMCTD4,SMILEY COURT D4 (SMCTD4),5928,1,40.0135,-105.252,,1300 30TH ST BOULDER CO 80303,,,
SMCTD5,SMILEY COURT D5 (SMCTD5),5928,1,40.0135,-105.252,,1300 30TH ST BOULDER CO 80303,,,
SMCTD6,SMILEY COURT D6 (SMCTD6),3966,1,40.0135,-105.252,,1300 30TH ST BOULDER CO 80303,,,
SMCTD7,SMILEY COURT D7 (SMCTD7),3966,1,40.0135,-105.252,,1300 30TH ST BOULDER CO 80303,,,
SMCTD8,SMILEY COURT D8 (SMCTD8),3966,1,40.0135,-105.252,,1300 30TH ST BOULDER CO 80303,,,
SMCTD9,SMILEY COURT D9 (SMCTD9),7892,1,40.0135,-105.252,,1300 30TH ST BOULDER CO 80303,,,
SMCTE1,SMILEY COURT E1 (SMCTE1),10873,1,40.0135,-105.252,,1300 30TH ST BOULDER CO 80303,,,
SMCTE2,SMILEY COURT E2 (SMCTE2),10873,1,40.0135,-105.252,,1300 30TH ST BOULDER CO 80303,,,
SMCTE3,SMILEY COURT E3 (SMCTE3),10873,1,40.0135,-105.252,,1300 30TH ST BOULDER CO 80303,,,
SMCTE4,SMILEY COURT E4 (SMCTE4),10873,1,40.0135,-105.252,,1300 30TH ST BOULDER CO 80303,,,
SMCTL1,SMILEY COURT L1 (SMCTL1),346,1,40.0135,-105.252,,1300 30TH ST BOULDER CO 80303,,,
SMCTL2,SMILEY COURT L2 (SMCTL2),676,1,40.0135,-105.252,,1300 30TH ST BOULDER CO 80303,,,
SMCTL3,SMILEY COURT L3 (SMCTL3),346,1,40.0135,-105.252,,1300 30TH ST BOULDER CO 80303,,,
SMCTM1,SMILEY COURT MAIL 1 (SMCTM1),170,1,40.0135,-105.252,,1300 30TH ST BOULDER CO 80303,,,
SMCTM2,SMILEY COURT MAIL 2 (SMCTM2),170,1,40.0135,-105.252,,1300 30TH ST BOULDER CO 80303,,,
SMCTM3,SMILEY COURT MAIL 3 (SMCTM3),170,1,40.0135,-105.252,,1300 30TH ST BOULDER CO 80303,,,
SMCTS1,SMILEY COURT STORAGE 1 (SMCTS1),170,1,40.0135,-105.252,,1300 30TH ST BOULDER CO 80303,,,
SMCTS2,SMILEY COURT STORAGE 2 (SMCTS2),170,1,40.0135,-105.252,,1300 30TH ST BOULDER CO 80303,,,
SMCTS3,SMILEY COURT STORAGE 3 (SMCTS3),170,1,40.0135,-105.252,,1300 30TH ST BOULDER CO 80303,,,
SMCTS4,SMILEY COURT STORAGE 4 (SMCTS4),170,1,40.0135,-105.252,,1300 30TH ST BOULDER CO 80303,,,
SMCTS5,SMILEY COURT STORAGE 5 (SMCTS5),170,1,40.0135,-105.252,,1300 30TH ST BOULDER CO 80303,,,
SMTH,SMITH HALL (SMTH),96667,1,40.005,-105.2608,,2525 KITTREDGE LOOP RD BOULDER CO 80309,,,
SPRG,SPRING HOUSE (SPRG),100,1,39.9926,-105.5457,,818 COUNTY RD 116 NEDERLAND CO 80466,,,
SPSC,SPACE SCIENCE BUILDING (SPSC),100039,2,40.0138,-105.2435,,3665 DISCOVERY DR BOULDER CO 80303,,,
SPSK,SAPSUCKER (SPSK),120,1,39.9926,-105.5457,,818 COUNTY RD 116 NEDERLAND CO 80466,,,
SSKN,SISKEN (SSKN),115,1,39.9926,-105.5457,,818 COUNTY RD 116 NEDERLAND CO 80466,,,
ST74,STORAGE BUILDING 74 (ST74),0,1,39.9765,-105.254,,5278 TABLE MESA DR BOULDER CO 80305,,,
STAD,STADIUM BUILDING (STAD),151963,1,40.009,-105.2665,,2085 COLORADO AVE BOULDER CO 80309,,,
STNC,STEARNS TOWERS CENTER (STNC),22523,1,40.001,-105.257,,600 30TH ST BOULDER CO 80309,,,
STNE,STEARNS TOWERS EAST (STNE),113703,1,40.001,-105.257,,600 30TH ST BOULDER CO 80309,,,
STNW,STEARNS TOWERS WEST (STNW),113459,1,40.001,-105.257,,600 30TH ST BOULDER CO 80309,,,
STSB,STADIUM SKY BOX (STSB),114504,3,40.009,-105.2665,,2085A COLORADO AVE BOULDER CO 80309,,,
STTB,STADIUM TICKET BUILDING (STTB),554,1,40.009,-105.266,,2095 COLORADO AVE BOULDER CO 80309,,,
SUMM,SUMMER (SUMM),347,1,39.9926,-105.5457,,818 COUNTY RD 116 NEDERLAND CO 80466,,,
SWLL,SEWALL HALL (SWLL),99242,2,40.007,-105.271,,1720 UNIVERSITY AVE BOULDER CO 80309,,,
TB01,ALBERT AND VERA RAMIREZ TEMPORARY BUILDING 1 (TB01),8673,3,40.00745705693885,-105.2721307,,1715 PLEASANT ST BOULDER CO 80309,,,
TB15,ELECTRIC SUPPLY BUILDING (TB15),1309,1,40.0131,-105.253,,3210 MARINE ST BOULDER CO 80303,,,
TB16,TELECOM EQUIPMENT BUILDING SMILEY COURT (TB16),131,1,40.0135,-105.252,,1302 30TH ST BOULDER CO 80303,,,
TB19,UNIVERSITY ADMINISTRATIVE CENTER ANNEX (TB19),2199,1,40.009,-105.2818,,924 BROADWAY BOULDER CO 80309,,,
TB33,FAMILY HOUSING EXPANSION (133) (TB33),4326,1,40.0125,-105.2745,,1328 17TH ST BOULDER CO 80309,,,
TB45,WAREHOUSE NO 1 (TB45),2000,1,40.0129,-105.2519,,3300 MARINE ST BOULDER CO 80303,,,
TB46,WAREHOUSE NO 2 (TB46),2000,1,40.0129,-105.2519,,3300 MARINE ST BOULDER CO 80303,,,
TB47,WAREHOUSE NO 3 (TB47),2000,1,40.0129,-105.2519,,3300 MARINE ST BOULDER CO 80303,,,
TB48,WAREHOUSE NO 4 (TB48),2000,1,40.0129,-105.2519,,3300 MARINE ST BOULDER CO 80303,,,
TB49,STEAM CONVERSION SHED (TB49),1688,1,40.0127,-105.2718,,1201 19TH ST BOULDER CO 80309,,,
TB55,PRACTICE FOOTBALL FIELD BUILDING (TB55),289,1,40.0118,-105.2662,,1301 FOLSOM ST BOULDER CO 80309,,,
TB65,TEMPORARY BUILDING 65 (TB65),2923,1,40.0112,-105.2779,,1301 GRANDVIEW AVE BOULDER CO 80302,,,
TB65A,TEMPORARY BUILDING 65 GARAGE (TB65A),390,1,40.0112,-105.2779,,1301 GRANDVIEW AVE BOULDER CO 80302,,,
TB66,TEMPORARY BUILDING 66 (TB66),3823,1,40.0105,-105.2755,,1445 GRANDVIEW AVE BOULDER CO 80302,,,
TB70,TEMPORARY BUILDING 70 (TB70),3793,1,40.011,-105.2773,,1302 GRANDVIEW AVE BOULDER CO 80302,,,
TB72,TEMPORARY BUILDING 72 (TB72),16576,1,39.9765,-105.254,,5278 TABLE MESA DR BOULDER CO 80305,,,
TB78,TEMPORARY BUILDING 78 (TB78),1674,1,40.0104,-105.2783,,1510 13TH ST BOULDER CO 80302,,,
TB82,TEMPORARY BUILDING 82 (TB82),4436,1,40.0114,-105.2772,,1333/1335 GRANDVIEW AVE BOULDER CO 80302,,,
TB83,POTTS FIELD TRACK STORAGE (TB83),1285,1,40.00965554678841,-105.24831,,3625 DISCOVERY DR BOULDER CO 80303,,,
TB84,BRYAN BENJAMIN SAX SKI TEAM BUILDNG (TB84),3517,1,40.009677351694336,-105.2494419,,3601/3603 DISCOVERY DR BOULDER CO 80303,,,
TB85,AUXILARY TRACK STORAGE NORTHWEST OF POTTS FIELD (TB85),720,1,40.011242164863546,-105.2490234,,3609 DISCOVERY DR BOULDER CO 80303,,,
TB88,TEMPORARY BUILDING 88 (TB88),3193,1,40.0112,-105.2768,,1338 GRANDVIEW AVE BOULDER CO 80302,,,
TB90,TEMPORARY BUILDING 90 (TB90),2092,1,40.0103,-105.2782,,1514 13TH ST BOULDER CO 80302,,,
TB93,TEMPORARY BUILDING 93 (TB93),3082,1,40.0113,-105.277,,1344 GRANDVIEW AVE BOULDER CO 80302,,,
TB99,TEMPORARY BUILDING 99 (TB99),1394,1,40.0106,-105.2757,,1429 GRANDVIEW AVE BOULDER CO 80302,,,
TETN,TETON (TETN),126,1,39.9926,-105.5457,,818 COUNTY RD 116 NEDERLAND CO 80466,,,
THTR,UNIVERSITY THEATRE (THTR),71239,1,40.00808346428458,-105.2735415,,1515 CENTRAL CAMPUS MALL BOULDER CO 80309,,,
TLRS,TULAROOSA (TLRS),126,1,39.9926,-105.5457,,818 COUNTY RD 116 NEDERLAND CO 80466,,,
TNDR,TUNDRA LAB (TNDR),1232,1,39.9926,-105.5457,,818 COUNTY RD 116 NEDERLAND CO 80466,,,
TRAN,TRANSPORTATION CENTER AND ANNEX (TRAN),9349,1,40.0125,-105.253,,3205 MARINE ST BOULDER CO 80303,,,
UCTR,UNIVERSITY ADMINISTRATIVE CENTER (UCTR),15174,1,40.009,-105.2818,,914 BROADWAY BOULDER CO 80309,,,
UINT,UINTA (UINT),126,1,39.9926,-105.5457,,818 COUNTY RD 116 NEDERLAND CO 80466,,,
UMC,UNIVERSITY MEMORIAL CENTER (UMC),257485,3,40.00682203457083,-105.2715191,,1669 EUCLID AVE BOULDER CO 80309,,,
URES,UNIVERSITY RESIDENCE (URES),11054,1,39.9999,-105.249,,3600 CADDO PKWY BOULDER CO 80309,,,
VAC,VISUAL ARTS COMPLEX (VAC),179813,1,40.00749008058404,-105.270516,,1085 18TH ST BOULDER CO 80309,,,
VHCL,VEHICLE STORAGE (VHCL),913,1,39.9926,-105.5457,,818 COUNTY RD 116 NEDERLAND CO 80466,,,
VPMP,VARSITY LAKE PUMP STATION (VPMP),401,1,40.0084,-105.2764,,1500 UNIVERSITY AVE BOULDER CO 80309,,,
WALN,WALNUT DISTRIBUTION CENTER (WALN),146582,2,40.019853,-105.249449,8,3300 WALNUT ST BOULDER CO 80303,,,
WARD,WARDENBURG STUDENT HEALTH CENTER (WARD),55963,3,40.006,-105.267,,1900 WARDENBURG DR BOULDER CO 80309,,,
WASA,WASATCH (WASA),126,1,39.9926,-105.5457,,818 COUNTY RD 116 NEDERLAND CO 80466,,,
WDBY,WOODBURY ARTS & SCIENCES BUILDING (WDBY),12937,1,40.00922641264822,-105.2723077,,1600 PLEASANT ST BOULDER CO 80309,,,
WDEP,WEST DISTRICT ENERGY PLANT (WDEP),22647,1,40.008,-105.279,,1100 18TH ST BOULDER CO 80309,,,
WDIL,1164 W DILLON RD (WDIL),58609,3,39.9805,-105.1477,,1164 W DILLON RD LOUISVILLE CO 80027,,,
WEB,WEBER HALL (WEB),190867,3,39.9987,-105.255,,3275 APACHE DR BOULDER CO 80309,,,
WILD,2860 WILDERNESS PLACE (WILD),63191,1,40.026837,-105.246011,8,2860 WILDERNESS PL BOULDER CO 80303,,,
WIND,WIND TUNNEL (WIND),3469,1,40.015,-105.244,,4001 DISCOVERY DR BOULDER CO 80303,,,
WLAW,WOLF LAW BUILDING (WLAW),190007,1,40.005,-105.2619,,2450 KITTREDGE LOOP RD BOULDER CO 80309,,,
WLLW,WILLOW (WLLW),336,1,39.9926,-105.5457,,818 COUNTY RD 116 NEDERLAND CO 80466,,,
WLRD,WILLARD HALL (WLRD),100969,1,40.004,-105.265,,2200 WILLARD LOOP DR BOULDER CO 80309,,,
WMGBA,WEST MAIN GROUNDS BUILDING A (WMGBA),110,1,40.0118,-105.2735,,1201 17TH ST BOULDER CO 80309,,,
WMGBB,WEST MAIN GROUNDS BUILDING B (WMGBB),110,1,40.0118,-105.2735,,1201 17TH ST BOULDER CO 80309,,,
WMGBC,WEST MAIN GROUNDS BUILDING C (WMGBC),297,1,40.0118,-105.2735,,1201 17TH ST BOULDER CO 80309,,,
WMGBD,WEST MAIN GROUNDS BUILDING D (WMGBD),99,1,40.0118,-105.2735,,1201 17TH ST BOULDER CO 80309,,,
WPTI,WAPATI (WPTI),126,1,39.9926,-105.5457,,818 COUNTY RD 116 NEDERLAND CO 80466,,,
WRVR,WIND RIVER (WRVR),126,1,39.9926,-105.5457,,818 COUNTY RD 116 NEDERLAND CO 80466,,,
WSTE,WASTE TREATMENT (WSTE),619,1,39.9926,-105.5457,,818 COUNTY RD 116 NEDERLAND CO 80466,,,
WVC,WILLIAMS VILLAGE DINING AND COMMUNITY COMMONS (WVC),114873,1,40.0013,-105.257,,510 30TH ST BOULDER CO 80309,,,
WVE,WILLIAMS VILLAGE EAST (WVE),188831,1,39.998,-105.253,,3400 BASELINE RD BOULDER CO 80303,,,
WVHP,WILLIAMS VILLAGE HEATING PLANT (WVHP),8277,1,39.999,-105.255,,3200 BASELINE RD BOULDER CO 80309,,,
WVN,WILLIAMS VILLAGE NORTH (WVN),145874,1,40.0003,-105.254,,3300 BASELINE RD BOULDER CO 80309,,,
WVPH,WILLIAMS VILLAGE PUMPHOUSE (WVPH),456,1,40.0003,-105.252,,3502 BASELINE RD BOULDER CO 80309,,,
WVRC,WILLIAMS VILLAGE RECREATION CENTER (WVRC),11038,1,39.999,-105.2555,,3225 APACHE DR BOULDER CO 80309,,,
WVSTO,WILLIAMS VILLAGE GROUNDS STORAGE (WVSTO),896,1,39.9995,-105.2558,,3180 BASELINE RD BOULDER CO 80309,,,
XDCB,XD CABIN (XDCB),831,3,40.011,-105.277,,1336 GRANDVIEW AVENUE BOULDER CO 80309,,,
ZUNI,ZUNI (ZUNI),126,1,39.9926,-105.5457,,818 COUNTY RD 116 NEDERLAND CO 80466,,,
,,,,,,,,,,
# CUSTOM_TRAVEL_TIMES,,,,,,,,,,
fromCode,toCode,time,method,,,,,,,
